"","name","team","heightinches","weightpounds"
"1","Adam_Donachie","BAL",74,180
"2","Paul_Bako","BAL",74,215
"3","Ramon_Hernandez","BAL",72,210
"4","Kevin_Millar","BAL",72,210
"5","Chris_Gomez","BAL",73,188
"6","Brian_Roberts","BAL",69,176
"7","Miguel_Tejada","BAL",69,209
"8","Melvin_Mora","BAL",71,200
"9","Aubrey_Huff","BAL",76,231
"10","Adam_Stern","BAL",71,180
"11","Jeff_Fiorentino","BAL",73,188
"12","Freddie_Bynum","BAL",73,180
"13","Nick_Markakis","BAL",74,185
"14","Brandon_Fahey","BAL",74,160
"15","Corey_Patterson","BAL",69,180
"16","Jay_Payton","BAL",70,185
"17","Jay_Gibbons","BAL",72,197
"18","Erik_Bedard","BAL",73,189
"19","Hayden_Penn","BAL",75,185
"20","Adam_Loewen","BAL",78,219
"21","Daniel_Cabrera","BAL",79,230
"22","Steve_Trachsel","BAL",76,205
"23","Jaret_Wright","BAL",74,230
"24","Kris_Benson","BAL",76,195
"25","Scott_Williamson","BAL",72,180
"26","John_Parrish","BAL",71,192
"27","Danys_Baez","BAL",75,225
"28","Chad_Bradford","BAL",77,203
"29","Jamie_Walker","BAL",74,195
"30","Brian_Burres","BAL",73,182
"31","Kurt_Birkins","BAL",74,188
"32","James_Hoey","BAL",78,200
"33","Sendy_Rleal","BAL",73,180
"34","Chris_Ray","BAL",75,200
"35","Jeremy_Guthrie","BAL",73,200
"36","A.J._Pierzynski","CWS",75,245
"37","Toby_Hall","CWS",75,240
"38","Paul_Konerko","CWS",74,215
"39","Tadahito_Iguchi","CWS",69,185
"40","Juan_Uribe","CWS",71,175
"41","Alex_Cintron","CWS",74,199
"42","Joe_Crede","CWS",73,200
"43","Josh_Fields","CWS",73,215
"44","Ryan_Sweeney","CWS",76,200
"45","Brian_N._Anderson","CWS",74,205
"46","Luis_Terrero","CWS",74,206
"47","Pablo_Ozuna","CWS",70,186
"48","Scott_Podsednik","CWS",72,188
"49","Jermaine_Dye","CWS",77,220
"50","Darin_Erstad","CWS",74,210
"51","Rob_Mackowiak","CWS",70,195
"52","Jim_Thome","CWS",76,244
"53","Jerry_Owens","CWS",75,195
"54","Charlie_Haeger","CWS",73,200
"55","Heath_Phillips","CWS",75,200
"56","Gavin_Floyd","CWS",76,212
"57","Jose_Contreras","CWS",76,224
"58","Jon_Garland","CWS",78,210
"59","Javier_Vazquez","CWS",74,205
"60","Mark_Buehrle","CWS",74,220
"61","Mike_MacDougal","CWS",76,195
"62","David_Aardsma","CWS",77,200
"63","Andrew_Sisco","CWS",81,260
"64","Matt_Thornton","CWS",78,228
"65","Bobby_Jenks","CWS",75,270
"66","Boone_Logan","CWS",77,200
"67","Sean_Tracey","CWS",75,210
"68","Nick_Masset","CWS",76,190
"69","Jose_Molina","ANA",74,220
"70","Jeff_Mathis","ANA",72,180
"71","Mike_Napoli","ANA",72,205
"72","Casey_Kotchman","ANA",75,210
"73","Kendry_Morales","ANA",73,220
"74","Shea_Hillenbrand","ANA",73,211
"75","Robb_Quinlan","ANA",73,200
"76","Howie_Kendrick","ANA",70,180
"77","Orlando_Cabrera","ANA",70,190
"78","Erick_Aybar","ANA",70,170
"79","Dallas_McPherson","ANA",76,230
"80","Maicer_Izturis","ANA",68,155
"81","Reggie_Willits","ANA",71,185
"82","Tommy_Murphy","ANA",72,185
"83","Terry_Evans","ANA",75,200
"84","Gary_Matthews_Jr.","ANA",75,225
"85","Garret_Anderson","ANA",75,225
"86","Vladimir_Guerrero","ANA",75,220
"87","Chone_Figgins","ANA",68,160
"88","Juan_Rivera","ANA",74,205
"89","John_Lackey","ANA",78,235
"90","Bartolo_Colon","ANA",71,250
"91","Kelvim_Escobar","ANA",73,210
"92","Dustin_Moseley","ANA",76,190
"93","Ervin_Santana","ANA",74,160
"94","Joe_Saunders","ANA",74,200
"95","Jered_Weaver","ANA",79,205
"96","Chris_Resop","ANA",75,222
"97","Phil_Seibel","ANA",73,195
"98","Justin_Speier","ANA",76,205
"99","Darren_Oliver","ANA",74,220
"100","Hector_Carrasco","ANA",74,220
"101","Scot_Shields","ANA",73,170
"102","Francisco_Rodriguez","ANA",72,185
"103","Greg_Jones","ANA",74,195
"104","Doug_Mirabelli","BOS",73,220
"105","Jason_Varitek","BOS",74,230
"106","George_Kottaras","BOS",72,180
"107","Kevin_Youkilis","BOS",73,220
"108","Dustin_Pedroia","BOS",69,180
"109","Alex_Cora","BOS",72,180
"110","Julio_Lugo","BOS",73,170
"111","Mike_Lowell","BOS",75,210
"112","Wily_Mo_Pe?a","BOS",75,215
"113","J.D._Drew","BOS",73,200
"114","Manny_Ramirez","BOS",72,213
"115","Brandon_Moss","BOS",72,180
"116","David_Murphy","BOS",76,192
"117","Eric_Hinske","BOS",74,235
"118","Coco_Crisp","BOS",72,185
"119","David_Ortiz","BOS",76,230
"120","Curt_Schilling","BOS",77,235
"121","Tim_Wakefield","BOS",74,210
"122","Josh_Beckett","BOS",77,222
"123","Matt_Clement","BOS",75,210
"124","Jonathan_Papelbon","BOS",76,230
"125","Kyle_Snyder","BOS",80,220
"126","Devern_Hansack","BOS",74,180
"127","Jon_Lester","BOS",74,190
"128","Kason_Gabbard","BOS",75,200
"129","Craig_Hansen","BOS",78,210
"130","Hideki_Okajima","BOS",73,194
"131","Craig_Breslow","BOS",73,180
"132","Manny_Delcarmen","BOS",74,190
"133","Brendan_Donnelly","BOS",75,240
"134","Javier_Lopez","BOS",76,200
"135","J.C._Romero","BOS",71,198
"136","Joel_Pineiro","BOS",73,200
"137","Julian_Tavarez","BOS",74,195
"138","Mike_Timlin","BOS",76,210
"139","Nick_DeBarr","BOS",76,220
"140","Victor_Martinez","CLE",74,190
"141","Kelly_Shoppach","CLE",73,210
"142","Ryan_Garko","CLE",74,225
"143","Joe_Inglett","CLE",70,180
"144","Josh_Barfield","CLE",72,185
"145","Hector_Luna","CLE",73,170
"146","Jhonny_Peralta","CLE",73,185
"147","Andy_Marte","CLE",73,185
"148","Ben_Francisco","CLE",73,180
"149","Shin-Soo_Choo","CLE",71,178
"150","Franklin_Gutierrez","CLE",74,175
"151","Grady_Sizemore","CLE",74,200
"152","Jason_Michaels","CLE",72,204
"153","Trot_Nixon","CLE",74,211
"154","David_Dellucci","CLE",71,190
"155","Casey_Blake","CLE",74,210
"156","Travis_Hafner","CLE",75,240
"157","Paul_Byrd","CLE",73,190
"158","Cliff_Lee","CLE",75,190
"159","Jake_Westbrook","CLE",75,185
"160","C.C._Sabathia","CLE",79,290
"161","Jeremy_Sowers","CLE",73,175
"162","Rafael_Perez","CLE",75,185
"163","Brian_Slocum","CLE",76,200
"164","Edward_Mujica","CLE",74,220
"165","Fernando_Cabrera","CLE",76,170
"166","Tom_Mastny","CLE",78,220
"167","Juan_Lara","CLE",74,190
"168","Fausto_Carmona","CLE",76,220
"169","Aaron_Fultz","CLE",72,205
"170","Rafael_Betancourt","CLE",74,200
"171","Roberto_Hernandez","CLE",76,250
"172","Joe_Borowski","CLE",74,225
"173","Matt_Miller","CLE",75,215
"174","Jason_Davis","CLE",78,210
"175","Mike_Piazza","OAK",75,215
"176","Jason_Kendall","OAK",72,195
"177","Adam_Melhuse","OAK",74,200
"178","Nick_Swisher","OAK",72,194
"179","Dan_Johnson","OAK",74,220
"180","Donald_Murphy","OAK",70,180
"181","Mark_Ellis","OAK",71,180
"182","Marco_Scutaro","OAK",70,170
"183","Bobby_Crosby","OAK",75,195
"184","Mark_Kiger","OAK",71,180
"185","Antonio_Perez","OAK",71,170
"186","Eric_Chavez","OAK",73,206
"187","Milton_Bradley","OAK",72,205
"188","Shannon_Stewart","OAK",71,200
"189","Bobby_Kielty","OAK",73,225
"190","Mark_Kotsay","OAK",72,201
"191","Ryan_Goleski","OAK",75,225
"192","Jeremy_Brown","OAK",70,226
"193","Jason_Windsor","OAK",74,233
"194","David_Shafer","OAK",74,180
"195","Joe_Blanton","OAK",75,225
"196","Brad_Halsey","OAK",73,180
"197","Dan_Haren","OAK",77,220
"198","Rich_Harden","OAK",73,180
"199","Joe_Kennedy","OAK",76,237
"200","Esteban_Loaiza","OAK",75,215
"201","Alan_Embree","OAK",74,190
"202","Jay_Witasick","OAK",76,235
"203","Justin_Duchscherer","OAK",75,190
"204","Kiko_Calero","OAK",73,180
"205","Chad_Gaudin","OAK",71,165
"206","Lenny_DiNardo","OAK",76,195
"207","Scott_Dunn","OAK",75,200
"208","Huston_Street","OAK",72,190
"209","Ron_Flores","OAK",71,190
"210","Jay_Marshall","OAK",77,185
"211","Marcus_McBeth","OAK",73,185
"212","Jorge_Posada","NYY",74,205
"213","Wil_Nieves","NYY",71,190
"214","Andy_Phillips","NYY",72,205
"215","Doug_Mientkiewicz","NYY",74,206
"216","Josh_Phelps","NYY",75,220
"217","Miguel_Cairo","NYY",73,208
"218","Robinson_Cano","NYY",72,170
"219","Derek_Jeter","NYY",75,195
"220","Alex_Rodriguez","NYY",75,210
"221","Johnny_Damon","NYY",74,190
"222","Bobby_Abreu","NYY",72,211
"223","Hideki_Matsui","NYY",74,230
"224","Melky_Cabrera","NYY",71,170
"225","Kevin_Thompson","NYY",70,185
"226","Jason_Giambi","NYY",75,230
"227","Mike_Mussina","NYY",74,185
"228","Carl_Pavano","NYY",77,241
"229","Andy_Pettitte","NYY",77,225
"230","Darrell_Rasner","NYY",75,210
"231","Jeff_Karstens","NYY",75,175
"232","Humberto_Sanchez","NYY",78,230
"233","Chien-Ming_Wang","NYY",75,200
"234","Sean_Henn","NYY",76,215
"235","Scott_Proctor","NYY",73,198
"236","Brian_Bruney","NYY",75,226
"237","Chris_Britton","NYY",75,278
"238","T.J._Beam","NYY",79,215
"239","Jose_Veras","NYY",77,230
"240","Kyle_Farnsworth","NYY",76,240
"241","Luis_Vizcaino","NYY",71,184
"242","Mike_Myers","NYY",75,219
"243","Mariano_Rivera","NYY",74,170
"244","Ivan_Rodriguez","DET",69,218
"245","Vance_Wilson","DET",71,190
"246","Sean_Casey","DET",76,225
"247","Chris_Shelton","DET",72,220
"248","Omar_Infante","DET",72,176
"249","Placido_Polanco","DET",70,190
"250","Neifi_Perez","DET",72,197
"251","Carlos_Guillen","DET",73,204
"252","Ramon_Santiago","DET",71,167
"253","Tony_Giarratano","DET",72,180
"254","Brandon_Inge","DET",71,195
"255","Craig_Monroe","DET",73,220
"256","Magglio_Ordo?ez","DET",72,215
"257","Curtis_Granderson","DET",73,185
"258","Brent_Clevlen","DET",74,190
"259","Marcus_Thames","DET",74,205
"260","Gary_Sheffield","DET",72,205
"261","Mike_Rabelo","DET",73,200
"262","Zach_Miner","DET",75,200
"263","Jeremy_Bonderman","DET",74,210
"264","Nate_Robertson","DET",74,215
"265","Justin_Verlander","DET",77,200
"266","Virgil_Vasquez","DET",75,205
"267","Kenny_Rogers","DET",73,211
"268","Mike_Maroth","DET",72,190
"269","Fernando_Rodney","DET",71,208
"270","Chad_Durbin","DET",74,200
"271","Jason_Grilli","DET",77,210
"272","Jose_Mesa","DET",75,232
"273","Todd_Jones","DET",75,230
"274","Joel_Zumaya","DET",75,210
"275","Jordan_Tata","DET",78,220
"276","Andrew_Miller","DET",78,210
"277","Yorman_Bazardo","DET",74,202
"278","Wilfredo_Ledezma","DET",76,212
"279","Roman_Colon","DET",78,225
"280","Edward_Campusano","DET",76,170
"281","Rene_Rivera","SEA",70,190
"282","Kenji_Johjima","SEA",72,200
"283","Richie_Sexson","SEA",80,237
"284","Ben_Broussard","SEA",74,220
"285","Jose_Lopez","SEA",74,170
"286","Jose_Vidro","SEA",71,193
"287","Yuniesky_Betancourt","SEA",70,190
"288","Oswaldo_Navarro","SEA",72,150
"289","Adrian_Beltre","SEA",71,220
"290","Raul_Ibanez","SEA",74,200
"291","Jose_Guillen","SEA",71,190
"292","Jeremy_Reed","SEA",72,185
"293","Willie_Bloomquist","SEA",71,185
"294","Adam_Jones","SEA",74,200
"295","Ichiro_Suzuki","SEA",69,172
"296","Mike_Morse","SEA",76,220
"297","Felix_Hernandez","SEA",75,225
"298","Ryan_Feierabend","SEA",75,190
"299","Sean_White","SEA",76,195
"300","Horacio_Ramirez","SEA",73,219
"301","Cha_Baek","SEA",76,190
"302","Miguel_Batista","SEA",73,197
"303","Jeff_Weaver","SEA",77,200
"304","Jarrod_Washburn","SEA",73,195
"305","George_Sherrill","SEA",72,210
"306","Julio_Mateo","SEA",72,177
"307","J.J._Putz","SEA",77,220
"308","Chris_Reitsma","SEA",77,235
"309","Cesar_Jimenez","SEA",71,180
"310","Eric_O'Flaherty","SEA",74,195
"311","Jon_Huber","SEA",74,195
"312","Jake_Woods","SEA",73,190
"313","Sean_Green","SEA",78,230
"314","Mark_Lowe","SEA",75,190
"315","Josh_Paul","TB",73,200
"316","Dioner_Navarro","TB",70,190
"317","Shawn_Riggans","TB",74,190
"318","Ty_Wigginton","TB",72,200
"319","Brendan_Harris","TB",73,200
"320","Jorge_Cantu","TB",73,184
"321","Ben_Zobrist","TB",75,200
"322","B.J._Upton","TB",75,180
"323","Carl_Crawford","TB",74,219
"324","Rocco_Baldelli","TB",76,187
"325","Greg_Norton","TB",73,200
"326","Elijah_Dukes","TB",74,220
"327","Delmon_Young","TB",75,205
"328","Jonny_Gomes","TB",73,205
"329","Edwin_Jackson","TB",75,190
"330","Scott_Kazmir","TB",72,170
"331","Casey_Fossum","TB",73,160
"332","Jae_Seo","TB",73,215
"333","J.P._Howell","TB",72,175
"334","Tim_Corcoran","TB",74,205
"335","Jason_Hammel","TB",78,200
"336","James_Shields","TB",76,214
"337","Brian_Stokes","TB",73,200
"338","Juan_Salas","TB",74,190
"339","Jeff_Ridgway","TB",75,180
"340","Ruddy_Lugo","TB",70,205
"341","Jae-Kuk_Ryu","TB",75,220
"342","Chad_Orvella","TB",71,190
"343","Dan_Miceli","TB",72,215
"344","Seth_McClung","TB",78,235
"345","Jon_Switzer","TB",75,191
"346","Shawn_Camp","TB",73,200
"347","Scott_Dohmann","TB",73,181
"348","Jason_LaRue","KC",71,200
"349","John_Buck","KC",75,210
"350","Ryan_Shealy","KC",77,240
"351","Ross_Gload","KC",72,185
"352","Esteban_German","KC",69,165
"353","Mark_Grudzielanek","KC",73,190
"354","Angel_Sanchez","KC",74,185
"355","Angel_Berroa","KC",72,175
"356","Andres_Blanco","KC",70,155
"357","Mark_Teahen","KC",75,210
"358","Joey_Gathright","KC",70,170
"359","David_DeJesus","KC",72,175
"360","Shane_Costa","KC",72,220
"361","Mitch_Maier","KC",74,210
"362","Reggie_Sanders","KC",73,205
"363","Emil_Brown","KC",74,200
"364","Mike_Sweeney","KC",75,225
"365","John_Bale","KC",76,205
"366","Luke_Hudson","KC",75,195
"367","Scott_Elarton","KC",80,240
"368","Odalis_Perez","KC",72,150
"369","Gil_Meche","KC",75,200
"370","Neal_Musser","KC",73,215
"371","Brian_Bannister","KC",74,202
"372","Zack_Greinke","KC",74,200
"373","Jorge_De_La_Rosa","KC",73,190
"374","Todd_Wellemeyer","KC",75,205
"375","Jimmy_Gobble","KC",75,190
"376","Joel_Peralta","KC",71,160
"377","Ryan_Braun","KC",73,215
"378","Joakim_Soria","KC",75,185
"379","Ken_Ray","KC",74,200
"380","David_Riske","KC",74,190
"381","Octavio_Dotel","KC",72,210
"382","Joe_Nelson","KC",74,185
"383","Gerald_Laird","TEX",74,220
"384","Miguel_Ojeda","TEX",74,190
"385","Guillermo_Quiroz","TEX",73,202
"386","Chris_Stewart","TEX",76,205
"387","Mark_Teixeira","TEX",75,220
"388","Ian_Kinsler","TEX",72,175
"389","Joaquin_Arias","TEX",73,160
"390","Michael_Young","TEX",73,190
"391","Hank_Blalock","TEX",73,200
"392","Marlon_Byrd","TEX",72,229
"393","Brad_Wilkerson","TEX",72,206
"394","Sammy_Sosa","TEX",72,220
"395","Kenny_Lofton","TEX",72,180
"396","Frank_Catalanotto","TEX",71,195
"397","Nelson_Cruz","TEX",75,175
"398","Jason_Botts","TEX",77,250
"399","Robinson_Tejeda","TEX",75,188
"400","John_Rheinecker","TEX",74,230
"401","Edinson_Volquez","TEX",73,190
"402","A.J._Murray","TEX",75,200
"403","Brandon_McCarthy","TEX",79,190
"404","Vicente_Padilla","TEX",74,219
"405","Kevin_Millwood","TEX",76,235
"406","John_Koronka","TEX",73,180
"407","Frank_Francisco","TEX",74,180
"408","Francisco_Cruceta","TEX",74,180
"409","Akinori_Otsuka","TEX",72,200
"410","Eric_Gagne","TEX",74,234
"411","Ron_Mahay","TEX",74,185
"412","Joaquin_Benoit","TEX",75,220
"413","Rick_Bauer","TEX",78,223
"414","Josh_Rupe","TEX",74,200
"415","Wes_Littleton","TEX",74,210
"416","C.J._Wilson","TEX",74,200
"417","Scott_Feldman","TEX",77,210
"418","Gregg_Zaun","TOR",70,190
"419","Jason_Phillips","TOR",73,177
"420","Lyle_Overbay","TOR",74,227
"421","Russ_Adams","TOR",73,180
"422","Aaron_Hill","TOR",71,195
"423","Jason_Smith","TOR",75,199
"424","John_McDonald","TOR",71,175
"425","Royce_Clayton","TOR",72,185
"426","Troy_Glaus","TOR",77,240
"427","John_Hattig","TOR",74,210
"428","Reed_Johnson","TOR",70,180
"429","Alex_Rios","TOR",77,194
"430","Vernon_Wells","TOR",73,225
"431","Frank_Thomas","TOR",77,275
"432","Adam_Lind","TOR",74,195
"433","Shaun_Marcum","TOR",72,180
"434","Casey_Janssen","TOR",76,205
"435","Gustavo_Chacin","TOR",71,193
"436","A.J._Burnett","TOR",76,230
"437","Roy_Halladay","TOR",78,230
"438","John_Thomson","TOR",75,220
"439","Tomo_Ohka","TOR",73,200
"440","B.J._Ryan","TOR",78,249
"441","Scott_Downs","TOR",74,190
"442","Brian_Tallet","TOR",79,208
"443","Matt_Roney","TOR",75,245
"444","Tracy_Thorpe","TOR",76,250
"445","Jean_Machi","TOR",72,160
"446","Brandon_League","TOR",75,192
"447","Dustin_McGowan","TOR",75,220
"448","Jason_Frasor","TOR",70,170
"449","Francisco_Rosario","TOR",72,197
"450","Davis_Romero","TOR",70,155
"451","Jeremy_Accardo","TOR",74,190
"452","Mike_Redmond","MIN",71,200
"453","Joe_Mauer","MIN",76,220
"454","Chris_Heintz","MIN",73,210
"455","Justin_Morneau","MIN",76,228
"456","Luis_Castillo","MIN",71,190
"457","Alexi_Casilla","MIN",69,160
"458","Alejandro_Machado","MIN",72,184
"459","Jason_Bartlett","MIN",72,180
"460","Luis_Rodriguez","MIN",69,180
"461","Jeff_Cirillo","MIN",73,200
"462","Nick_Punto","MIN",69,176
"463","Jason_Tyner","MIN",73,160
"464","Michael_Cuddyer","MIN",74,222
"465","Torii_Hunter","MIN",74,211
"466","Lew_Ford","MIN",72,195
"467","Jason_Kubel","MIN",71,200
"468","Josh_Rabe","MIN",74,210
"469","Rondell_White","MIN",73,225
"470","Ramon_Ortiz","MIN",72,175
"471","Johan_Santana","MIN",72,206
"472","Carlos_Silva","MIN",76,240
"473","Matt_Garza","MIN",76,185
"474","Boof_Bonser","MIN",76,260
"475","Francisco_Liriano","MIN",74,185
"476","Scott_Baker","MIN",76,221
"477","Pat_Neshek","MIN",75,205
"478","Glen_Perkins","MIN",71,200
"479","Julio_DePaula","MIN",72,170
"480","Juan_Rincon","MIN",71,201
"481","Jesse_Crain","MIN",73,205
"482","Matt_Guerrier","MIN",75,185
"483","Joe_Nathan","MIN",76,205
"484","Dennys_Reyes","MIN",75,245
"485","Brayan_Pe?a","ATL",71,220
"486","Brian_McCann","ATL",75,210
"487","Craig_Wilson","ATL",74,220
"488","Chris_Woodward","ATL",72,185
"489","Pete_Orr","ATL",73,175
"490","Martin_Prado","ATL",73,170
"491","Tony_Pe?a","ATL",73,180
"492","Edgar_Renteria","ATL",73,200
"493","Chipper_Jones","ATL",76,210
"494","Willy_Aybar","ATL",72,175
"495","Jeff_Francoeur","ATL",76,220
"496","Matt_Diaz","ATL",73,206
"497","Kelly_Johnson","ATL",73,180
"498","Andruw_Jones","ATL",73,210
"499","Ryan_Langerhans","ATL",75,195
"500","Scott_Thorman","ATL",75,200
"501","T.J._Bohn","ATL",77,200
"502","Tim_Hudson","ATL",73,164
"503","Jonathan_Johnson","ATL",72,180
"504","John_Smoltz","ATL",75,220
"505","Mike_Hampton","ATL",70,195
"506","Kyle_Davies","ATL",74,205
"507","Chuck_James","ATL",72,170
"508","Phil_Stockman","ATL",80,240
"509","Macay_McBride","ATL",71,210
"510","Joey_Devine","ATL",71,195
"511","Peter_Moylan","ATL",74,200
"512","Mike_Gonzalez","ATL",74,205
"513","Lance_Cormier","ATL",73,192
"514","Blaine_Boyer","ATL",75,190
"515","Manny_Acosta","ATL",76,170
"516","Bob_Wickman","ATL",73,240
"517","Tanyon_Sturtze","ATL",77,200
"518","Oscar_Villarreal","ATL",72,205
"519","Rafael_Soriano","ATL",73,175
"520","Chad_Paronto","ATL",77,250
"521","Tyler_Yates","ATL",76,220
"522","Henry_Blanco","CHC",71,224
"523","Michael_Barrett","CHC",75,210
"524","Geovany_Soto","CHC",73,195
"525","Scott_Moore","CHC",74,180
"526","Derrek_Lee","CHC",77,245
"527","Ryan_Theriot","CHC",71,175
"528","Ronny_Cedeno","CHC",72,180
"529","Aramis_Ramirez","CHC",73,215
"530","Cesar_Izturis","CHC",69,175
"531","Alfonso_Soriano","CHC",73,180
"532","Jacque_Jones","CHC",70,195
"533","Daryle_Ward","CHC",74,230
"534","Cliff_Floyd","CHC",76,230
"535","Mark_DeRosa","CHC",73,205
"536","Matt_Murton","CHC",73,215
"537","Buck_Coats","CHC",75,195
"538","Angel_Pagan","CHC",73,180
"539","Sean_Marshall","CHC",79,205
"540","Carlos_Marmol","CHC",74,180
"541","Ryan_O'Malley","CHC",73,190
"542","Juan_Mateo","CHC",74,180
"543","Rich_Hill","CHC",77,190
"544","Angel_Guzman","CHC",75,190
"545","Wade_Miller","CHC",74,220
"546","Jason_Marquis","CHC",73,210
"547","Carlos_Zambrano","CHC",77,255
"548","Ted_Lilly","CHC",73,190
"549","Mark_Prior","CHC",77,230
"550","Neal_Cotts","CHC",74,200
"551","Will_Ohman","CHC",74,205
"552","Scott_Eyre","CHC",73,210
"553","Kerry_Wood","CHC",77,225
"554","Ryan_Dempster","CHC",74,215
"555","Bob_Howry","CHC",77,220
"556","Mike_Wuertz","CHC",75,205
"557","Roberto_Novoa","CHC",77,200
"558","Chris_Snyder","ARZ",75,220
"559","Miguel_Montero","ARZ",71,197
"560","Conor_Jackson","ARZ",74,225
"561","Robby_Hammock","ARZ",70,187
"562","Tony_Clark","ARZ",79,245
"563","Orlando_Hudson","ARZ",72,185
"564","Stephen_Drew","ARZ",72,185
"565","Alberto_Callaspo","ARZ",70,175
"566","Chad_Tracy","ARZ",74,200
"567","Chris_Young","ARZ",74,180
"568","Scott_Hairston","ARZ",72,188
"569","Carlos_Quentin","ARZ",73,225
"570","Jeff_DaVanon","ARZ",72,200
"571","Eric_Byrnes","ARZ",74,210
"572","Livan_Hernandez","ARZ",74,245
"573","Doug_Davis","ARZ",76,213
"574","Randy_Johnson","ARZ",82,231
"575","Juan_Cruz","ARZ",74,165
"576","Brandon_Webb","ARZ",74,228
"577","Enrique_Gonzalez","ARZ",70,210
"578","Dana_Eveland","ARZ",73,250
"579","Brandon_Medders","ARZ",73,191
"580","Tony_Pe?a","ARZ",74,190
"581","Doug_Slaten","ARZ",77,200
"582","Edgar_Gonzalez","ARZ",72,215
"583","Jose_Valverde","ARZ",76,254
"584","Jorge_Julio","ARZ",73,232
"585","Brandon_Lyon","ARZ",73,180
"586","Miguel_Olivo","FLA",72,215
"587","Matt_Treanor","FLA",74,220
"588","Mike_Jacobs","FLA",74,180
"589","Dan_Uggla","FLA",71,200
"590","Robert_Andino","FLA",72,170
"591","Hanley_Ramirez","FLA",75,195
"592","Miguel_Cabrera","FLA",74,210
"593","Aaron_Boone","FLA",74,200
"594","Joe_Borchard","FLA",77,220
"595","Alfredo_Amezaga","FLA",70,165
"596","Cody_Ross","FLA",71,180
"597","Josh_Willingham","FLA",73,200
"598","Jeremy_Hermida","FLA",76,200
"599","Eric_Reed","FLA",71,170
"600","Reggi_Abercrombie","FLA",75,224
"601","Ricky_Nolasco","FLA",74,220
"602","Anibal_Sanchez","FLA",72,180
"603","Scott_Olsen","FLA",76,198
"604","Josh_Johnson","FLA",79,240
"605","Dontrelle_Willis","FLA",76,239
"606","Logan_Kensing","FLA",73,185
"607","Sergio_Mitre","FLA",76,210
"608","Kevin_Gregg","FLA",78,220
"609","Travis_Bowyer","FLA",75,200
"610","Renyel_Pinto","FLA",76,195
"611","Randy_Messenger","FLA",72,220
"612","Yusmeiro_Petit","FLA",72,230
"613","Carlos_Martinez","FLA",73,170
"614","Taylor_Tankersley","FLA",73,220
"615","Henry_Owens","FLA",75,230
"616","Jose_Garcia","FLA",71,165
"617","Matt_Lindstrom","FLA",76,205
"618","Javier_Valentin","CIN",70,192
"619","Chad_Moeller","CIN",75,210
"620","David_Ross","CIN",74,205
"621","Joey_Votto","CIN",75,200
"622","Scott_Hatteberg","CIN",73,210
"623","Brandon_Phillips","CIN",71,185
"624","Juan_Castro","CIN",71,195
"625","Alex_Gonzalez","CIN",72,202
"626","Mark_Bellhorn","CIN",73,205
"627","Edwin_Encarnacion","CIN",73,195
"628","Jeff_Keppinger","CIN",72,180
"629","Norris_Hopper","CIN",69,200
"630","Chris_Denorfia","CIN",73,185
"631","Adam_Dunn","CIN",78,240
"632","Bubba_Crosby","CIN",71,185
"633","Jeff_Conine","CIN",73,220
"634","Ken_Griffey_Jr.","CIN",75,205
"635","Josh_Hamilton","CIN",76,205
"636","Ryan_Freel","CIN",70,180
"637","Kyle_Lohse","CIN",74,201
"638","Bronson_Arroyo","CIN",77,190
"639","Eric_Milton","CIN",75,208
"640","Aaron_Harang","CIN",79,240
"641","Elizardo_Ramirez","CIN",72,180
"642","Todd_Coffey","CIN",77,230
"643","Brian_Shackelford","CIN",73,195
"644","Bill_Bray","CIN",75,215
"645","Bobby_Livingston","CIN",75,190
"646","Matt_Belisle","CIN",75,195
"647","Gary_Majewski","CIN",73,215
"648","Mike_Stanton","CIN",73,215
"649","Brad_Salmon","CIN",76,220
"650","Jared_Burton","CIN",77,220
"651","David_Weathers","CIN",75,230
"652","Rheal_Cormier","CIN",70,195
"653","Yorvit_Torrealba","COL",71,190
"654","Chris_Iannetta","COL",71,195
"655","Alvin_Colina","COL",75,209
"656","Todd_Helton","COL",74,204
"657","Jamey_Carroll","COL",69,170
"658","Kaz_Matsui","COL",70,185
"659","Troy_Tulowitzki","COL",75,205
"660","Clint_Barmes","COL",72,175
"661","Garrett_Atkins","COL",75,210
"662","Ryan_Spilborghs","COL",73,190
"663","Cory_Sullivan","COL",72,180
"664","Jeff_Salazar","COL",72,180
"665","Willy_Taveras","COL",72,160
"666","Matt_Holliday","COL",76,235
"667","Brad_Hawpe","COL",75,200
"668","Jeff_Baker","COL",74,210
"669","Javy_Lopez","COL",75,224
"670","Byung-Hyun_Kim","COL",69,180
"671","Rodrigo_Lopez","COL",73,190
"672","Brian_Lawrence","COL",72,197
"673","Josh_Fogg","COL",72,203
"674","Aaron_Cook","COL",75,205
"675","Denny_Bautista","COL",77,170
"676","Ubaldo_Jimenez","COL",76,200
"677","Jason_Hirsh","COL",80,250
"678","Jeff_Francis","COL",77,200
"679","Taylor_Buchholz","COL",76,220
"680","Ryan_Speier","COL",79,200
"681","Ramon_Ramirez","COL",71,190
"682","Manny_Corpas","COL",75,170
"683","Juan_Morillo","COL",73,190
"684","Brian_Fuentes","COL",76,220
"685","LaTroy_Hawkins","COL",77,215
"686","Tom_Martin","COL",73,206
"687","Jeremy_Affeldt","COL",76,215
"688","Paul_Lo_Duca","NYM",70,185
"689","Ramon_Castro","NYM",75,235
"690","Julio_Franco","NYM",73,188
"691","Carlos_Delgado","NYM",75,230
"692","Jose_Valentin","NYM",70,195
"693","Anderson_Hernandez","NYM",69,168
"694","Damion_Easley","NYM",71,190
"695","Jose_Reyes","NYM",72,160
"696","David_Wright","NYM",72,200
"697","Ben_Johnson","NYM",73,200
"698","Endy_Chavez","NYM",70,189
"699","David_Newhan","NYM",70,180
"700","Carlos_Beltran","NYM",73,190
"701","Shawn_Green","NYM",76,200
"702","Moises_Alou","NYM",75,220
"703","Lastings_Milledge","NYM",72,187
"704","Alay_Soler","NYM",73,240
"705","Mike_Pelfrey","NYM",79,190
"706","Pedro_Martinez","NYM",71,180
"707","Tom_Glavine","NYM",72,185
"708","Chan_Ho_Park","NYM",74,210
"709","Orlando_Hernandez","NYM",74,220
"710","Dave_Williams","NYM",74,219
"711","Oliver_Perez","NYM",72,190
"712","John_Maine","NYM",76,193
"713","Marcos_Carvajal","NYM",76,175
"714","Ambiorix_Burgos","NYM",72,180
"715","Jason_Vargas","NYM",72,215
"716","Jon_Adkins","NYM",71,210
"717","Juan_Padilla","NYM",72,200
"718","Duaner_Sanchez","NYM",72,190
"719","Pedro_Feliciano","NYM",70,185
"720","Aaron_Heilman","NYM",77,220
"721","Jorge_Sosa","NYM",74,170
"722","Scott_Schoeneweis","NYM",72,195
"723","Guillermo_Mota","NYM",76,205
"724","Billy_Wagner","NYM",71,195
"725","Philip_Humber","NYM",76,210
"726","Brad_Ausmus","HOU",71,190
"727","Humberto_Quintero","HOU",73,190
"728","Hector_Gimenez","HOU",70,180
"729","Lance_Berkman","HOU",73,220
"730","Mike_Lamb","HOU",73,190
"731","Mark_Loretta","HOU",72,186
"732","Craig_Biggio","HOU",71,185
"733","Brooks_Conrad","HOU",71,190
"734","Chris_Burke","HOU",71,180
"735","Eric_Bruntlett","HOU",72,190
"736","Adam_Everett","HOU",72,170
"737","Morgan_Ensberg","HOU",74,210
"738","Carlos_Lee","HOU",74,240
"739","Jason_Lane","HOU",74,220
"740","Orlando_Palmeiro","HOU",71,180
"741","Luke_Scott","HOU",72,210
"742","Charlton_Jimerson","HOU",75,210
"743","Fernando_Nieve","HOU",72,195
"744","Wandy_Rodriguez","HOU",71,160
"745","Brandon_Backe","HOU",72,180
"746","Matt_Albers","HOU",72,205
"747","Woody_Williams","HOU",72,200
"748","Roy_Oswalt","HOU",72,185
"749","Jason_Jennings","HOU",74,245
"750","Miguel_Asencio","HOU",74,190
"751","Brad_Lidge","HOU",77,210
"752","Trever_Miller","HOU",75,200
"753","David_Borkowski","HOU",73,200
"754","Dan_Wheeler","HOU",75,222
"755","Paul_Estrada","HOU",73,215
"756","Lincoln_Holdzkom","HOU",76,240
"757","Chris_Sampson","HOU",72,170
"758","Chad_Qualls","HOU",77,220
"759","Ezequiel_Astacio","HOU",75,156
"760","Mike_Lieberthal","LA",72,190
"761","Russell_Martin","LA",71,202
"762","Olmedo_Saenz","LA",71,221
"763","James_Loney","LA",75,200
"764","Nomar_Garciaparra","LA",72,190
"765","Jeff_Kent","LA",73,210
"766","Ramon_Martinez","LA",73,190
"767","Marlon_Anderson","LA",71,200
"768","Rafael_Furcal","LA",70,165
"769","Wilson_Betemit","LA",75,190
"770","Andy_LaRoche","LA",71,185
"771","Matt_Kemp","LA",76,230
"772","Andre_Ethier","LA",73,208
"773","Delwyn_Young","LA",68,209
"774","Jason_Repko","LA",71,175
"775","Juan_Pierre","LA",72,180
"776","Luis_Gonzalez","LA",74,200
"777","Jason_Schmidt","LA",77,205
"778","Randy_Wolf","LA",72,200
"779","Brad_Penny","LA",76,250
"780","Derek_Lowe","LA",78,210
"781","Mark_Hendrickson","LA",81,230
"782","Chad_Billingsley","LA",72,244
"783","Takashi_Saito","LA",73,202
"784","Jonathan_Broxton","LA",76,240
"785","Hong-Chih_Kuo","LA",72,200
"786","Eric_Stults","LA",72,215
"787","Chin-Hui_Tsao","LA",74,177
"788","Tim_Hamulack","LA",76,210
"789","Yhency_Brazoban","LA",73,170
"790","Brett_Tomko","LA",76,215
"791","Joe_Beimel","LA",75,217
"792","Elmer_Dessens","LA",70,198
"793","Ryan_Budde","PHI",71,200
"794","Rod_Barajas","PHI",74,220
"795","Carlos_Ruiz","PHI",72,170
"796","Chris_Coste","PHI",73,200
"797","Ryan_Howard","PHI",76,230
"798","Wes_Helms","PHI",76,231
"799","Chase_Utley","PHI",73,183
"800","Danny_Sandoval","PHI",71,192
"801","Jimmy_Rollins","PHI",68,167
"802","Abraham_Nu?ez","PHI",71,190
"803","Michael_Bourn","PHI",71,180
"804","Chris_Roberson","PHI",74,180
"805","Jayson_Werth","PHI",77,215
"806","Shane_Victorino","PHI",69,160
"807","Aaron_Rowand","PHI",72,205
"808","Pat_Burrell","PHI",76,223
"809","Greg_Dobbs","PHI",73,205
"810","Cole_Hamels","PHI",75,175
"811","Alfredo_Simon","PHI",76,170
"812","Scott_Mathieson","PHI",75,190
"813","Freddy_Garcia","PHI",76,240
"814","Jamie_Moyer","PHI",72,175
"815","Jon_Lieber","PHI",74,230
"816","Brett_Myers","PHI",76,223
"817","Adam_Eaton","PHI",74,196
"818","Geoff_Geary","PHI",72,167
"819","Clay_Condrey","PHI",75,195
"820","Ryan_Madson","PHI",78,190
"821","Antonio_Alfonseca","PHI",77,250
"822","Tom_Gordon","PHI",70,190
"823","Brian_Sanches","PHI",72,190
"824","Jim_Ed_Warden","PHI",79,190
"825","Anderson_Garcia","PHI",74,170
"826","Eude_Brito","PHI",71,160
"827","Fabio_Castro","PHI",68,150
"828","Matt_Smith","PHI",77,225
"829","Damian_Miller","MLW",75,220
"830","Johnny_Estrada","MLW",71,209
"831","Mike_Rivera","MLW",72,210
"832","J.D._Closser","MLW",70,176
"833","Prince_Fielder","MLW",72,260
"834","Rickie_Weeks","MLW",72,195
"835","Tony_Graffanino","MLW",73,190
"836","Craig_Counsell","MLW",72,184
"837","J.J._Hardy","MLW",74,180
"838","Bill_Hall","MLW",72,195
"839","Vinny_Rottino","MLW",72,195
"840","Corey_Koskie","MLW",75,219
"841","Kevin_Mench","MLW",72,225
"842","Geoff_Jenkins","MLW",73,212
"843","Brady_Clark","MLW",74,202
"844","Tony_Gwynn_Jr.","MLW",72,185
"845","Corey_Hart","MLW",78,200
"846","Gabe_Gross","MLW",75,209
"847","Laynce_Nix","MLW",72,200
"848","Drew_Anderson","MLW",74,195
"849","Claudio_Vargas","MLW",75,228
"850","Chris_Capuano","MLW",75,210
"851","Ben_Hendrickson","MLW",76,190
"852","Dave_Bush","MLW",74,212
"853","Carlos_Villanueva","MLW",74,190
"854","Ben_Sheets","MLW",73,218
"855","Jeff_Suppan","MLW",74,220
"856","Brian_Shouse","MLW",71,190
"857","Francisco_Cordero","MLW",74,235
"858","Derrick_Turnbow","MLW",75,210
"859","Matt_Wise","MLW",76,200
"860","Grant_Balfour","MLW",74,188
"861","Dennis_Sarfate","MLW",76,210
"862","Jose_Capellan","MLW",76,235
"863","Greg_Aquino","MLW",73,188
"864","Josh_Bard","SD",75,215
"865","Rob_Bowen","SD",75,216
"866","Adrian_Gonzalez","SD",74,220
"867","Marcus_Giles","SD",68,180
"868","Todd_Walker","SD",72,185
"869","Geoff_Blum","SD",75,200
"870","Khalil_Greene","SD",71,210
"871","Paul_McAnulty","SD",70,220
"872","Terrmel_Sledge","SD",72,185
"873","Jack_Cust","SD",73,231
"874","Jose_Cruz_Jr.","SD",72,210
"875","Russell_Branyan","SD",75,195
"876","Mike_Cameron","SD",74,200
"877","Brian_Giles","SD",70,205
"878","Kevin_Kouzmanoff","SD",73,200
"879","Mike_Thompson","SD",76,200
"880","Clay_Hensley","SD",71,190
"881","Chris_Young","SD",82,250
"882","Greg_Maddux","SD",72,185
"883","Jake_Peavy","SD",73,180
"884","Scott_Cassidy","SD",74,170
"885","Scott_Strickland","SD",71,180
"886","Scott_Linebrink","SD",75,208
"887","Doug_Brocail","SD",77,235
"888","Trevor_Hoffman","SD",72,215
"889","Heath_Bell","SD",74,244
"890","Royce_Ring","SD",72,220
"891","Cla_Meredith","SD",73,185
"892","Andrew_Brown","SD",78,230
"893","Mike_Adams","SD",77,190
"894","Justin_Hampson","SD",73,200
"895","Kevin_Cameron","SD",73,180
"896","Ryan_Ketchner","SD",73,190
"897","Brian_Schneider","WAS",73,196
"898","Jesus_Flores","WAS",73,180
"899","Larry_Broadway","WAS",76,230
"900","Nick_Johnson","WAS",75,224
"901","Bernie_Castro","WAS",70,160
"902","Josh_Wilson","WAS",73,178
"903","Cristian_Guzman","WAS",72,205
"904","Felipe_Lopez","WAS",73,185
"905","Ryan_Zimmerman","WAS",75,210
"906","Nook_Logan","WAS",74,180
"907","Ryan_Church","WAS",73,190
"908","Kory_Casto","WAS",73,200
"909","Mike_Restovich","WAS",76,257
"910","Alex_Escobar","WAS",73,190
"911","Austin_Kearns","WAS",75,220
"912","Chris_Snelling","WAS",70,165
"913","Billy_Traber","WAS",77,205
"914","Tim_Redding","WAS",72,200
"915","John_Patterson","WAS",77,208
"916","Shawn_Hill","WAS",74,185
"917","Joel_Hanrahan","WAS",75,215
"918","Mike_O'Connor","WAS",75,170
"919","Emiliano_Fruto","WAS",75,235
"920","Chris_Schroder","WAS",75,210
"921","Brett_Campbell","WAS",72,170
"922","Beltran_Perez","WAS",74,180
"923","Levale_Speigner","WAS",71,170
"924","Jason_Bergmann","WAS",76,190
"925","Saul_Rivera","WAS",71,150
"926","Chris_Booker","WAS",75,230
"927","Micah_Bowie","WAS",76,203
"928","Jon_Rauch","WAS",83,260
"929","Jerome_Williams","WAS",75,246
"930","Luis_Ayala","WAS",74,186
"931","Ryan_Wagner","WAS",76,210
"932","Chad_Cordero","WAS",72,198
"933","Humberto_Cota","PIT",72,210
"934","Ronny_Paulino","PIT",75,215
"935","Adam_LaRoche","PIT",75,180
"936","Ryan_Doumit","PIT",72,200
"937","Brad_Eldred","PIT",77,245
"938","Jose_Castillo","PIT",73,200
"939","Jack_Wilson","PIT",72,192
"940","Freddy_Sanchez","PIT",70,192
"941","Jason_Bay","PIT",74,200
"942","Jose_Bautista","PIT",72,192
"943","Xavier_Nady","PIT",74,205
"944","Jody_Gerut","PIT",72,190
"945","Nate_McLouth","PIT",71,186
"946","Chris_Duffy","PIT",70,170
"947","Rajai_Davis","PIT",71,197
"948","Shane_Youman","PIT",76,219
"949","Yoslan_Herrera","PIT",74,200
"950","Josh_Shortslef","PIT",76,220
"951","Zach_Duke","PIT",74,207
"952","Paul_Maholm","PIT",74,225
"953","Tom_Gorzelanny","PIT",74,207
"954","Shawn_Chacon","PIT",75,212
"955","Tony_Armas_Jr.","PIT",75,225
"956","Ian_Snell","PIT",71,170
"957","Sean_Burnett","PIT",71,190
"958","John_Grabow","PIT",74,210
"959","Marty_McLeary","PIT",77,230
"960","Salomon_Torres","PIT",71,210
"961","Damaso_Marte","PIT",74,200
"962","Matt_Capps","PIT",75,238
"963","Josh_Sharpless","PIT",77,234
"964","Bryan_Bullington","PIT",76,222
"965","Jonah_Bayliss","PIT",74,200
"966","Brian_Rogers","PIT",76,190
"967","Juan_Perez","PIT",72,170
"968","Bengie_Molina","SF",71,220
"969","Eliezer_Alfonzo","SF",72,223
"970","Lance_Niekro","SF",75,210
"971","Mark_Sweeney","SF",73,215
"972","Ray_Durham","SF",68,196
"973","Kevin_Frandsen","SF",72,175
"974","Omar_Vizquel","SF",69,175
"975","Rich_Aurilia","SF",73,189
"976","Pedro_Feliz","SF",73,205
"977","Todd_Linden","SF",75,210
"978","Dave_Roberts","SF",70,180
"979","Jason_Ellison","SF",70,180
"980","Randy_Winn","SF",74,197
"981","Ryan_Klesko","SF",75,220
"982","Barry_Bonds","SF",74,228
"983","Fred_Lewis","SF",74,190
"984","Kelyn_Acosta","SF",73,204
"985","Jonathan_Sanchez","SF",74,165
"986","Matt_Cain","SF",75,216
"987","Matt_Morris","SF",77,220
"988","Russ_Ortiz","SF",73,208
"989","Noah_Lowry","SF",74,210
"990","Barry_Zito","SF",76,215
"991","Vinnie_Chulk","SF",74,195
"992","Kevin_Correia","SF",75,200
"993","Steve_Kline","SF",73,215
"994","Armando_Benitez","SF",76,229
"995","Scott_Munter","SF",78,240
"996","Jack_Taschner","SF",75,207
"997","Brian_Wilson","SF",73,205
"998","Merkin_Valdez","SF",77,208
"999","Brad_Hennessey","SF",74,185
"1000","Billy_Sadler","SF",72,190
"1001","Pat_Misch","SF",74,170
"1002","Gary_Bennett","STL",72,208
"1003","Yadier_Molina","STL",71,225
"1004","John_Nelson","STL",73,190
"1005","Albert_Pujols","STL",75,225
"1006","Adam_Kennedy","STL",73,185
"1007","Aaron_Miles","STL",67,180
"1008","David_Eckstein","STL",67,165
"1009","Scott_Rolen","STL",76,240
"1010","Scott_Spiezio","STL",74,220
"1011","Jim_Edmonds","STL",73,212
"1012","So_Taguchi","STL",70,163
"1013","Juan_Encarnacion","STL",75,215
"1014","Skip_Schumaker","STL",70,175
"1015","John_Rodriguez","STL",72,205
"1016","Chris_Duncan","STL",77,210
"1017","Adam_Wainwright","STL",79,205
"1018","Mark_Mulder","STL",78,208
"1019","Anthony_Reyes","STL",74,215
"1020","Ryan_Franklin","STL",75,180
"1021","Kip_Wells","STL",75,200
"1022","Chris_Carpenter","STL",78,230
"1023","Russ_Springer","STL",76,211
"1024","Jason_Isringhausen","STL",75,230
"1025","Ricardo_Rincon","STL",69,190
"1026","Braden_Looper","STL",75,220
"1027","Randy_Flores","STL",72,180
"1028","Josh_Hancock","STL",75,205
"1029","Brad_Thompson","STL",73,190
"1030","Tyler_Johnson","STL",74,180
"1031","Chris_Narveson","STL",75,205
"1032","Randy_Keisler","STL",75,190
"1033","Josh_Kinney","STL",73,195
